timestamp,today_open,current_close,yesterday_close,upper_bound,lower_bound,sigma,signal
2024-10-28 09:31:03.957701-04:00,578.71,581.885,579.04,579.4167955942029,578.3334191449276,0.0006507246376811597,1
2024-10-28 09:32:04.243104-04:00,578.71,582.08,579.04,579.473860405797,578.2763868550725,0.0007492753623188408,1
2024-10-28 09:33:04.168695-04:00,578.71,582.45,579.04,579.5376387246376,578.212644884058,0.0008594202898550725,1
2024-10-28 09:34:04.188166-04:00,578.71,582.355,579.04,579.610648115942,578.1396771014494,0.0009855072463768116,1
2024-10-28 09:35:04.123147-04:00,578.71,582.225,579.04,579.6165224347825,578.1338061304348,0.0009956521739130436,1
2024-10-28 09:36:04.032519-04:00,578.71,582.21,579.04,579.6786223768115,578.0717415797102,0.0011028985507246377,1
2024-10-28 09:37:04.174371-04:00,578.71,582.205,579.04,579.6828183188405,578.0675480289856,0.001110144927536232,1
2024-10-28 09:38:04.145867-04:00,578.71,581.87,579.04,579.6928885797101,578.0574835072464,0.0011275362318840586,1
2024-10-28 09:39:04.025425-04:00,578.71,581.79,579.04,579.7499533913043,578.0004512173914,0.0012260869565217393,1
2024-10-28 09:40:04.088012-04:00,578.71,581.82,579.04,579.7424006956521,578.0079996086956,0.00121304347826087,1
2024-10-28 09:41:04.051068-04:00,578.71,581.88,579.04,579.7155466666667,578.0348383333334,0.0011666666666666672,1
2024-10-28 09:42:04.050285-04:00,578.71,581.73,579.04,579.7382047536231,578.0121931594203,0.0012057971014492756,1
2024-10-28 09:43:03.993574-04:00,578.71,581.64,579.04,579.7768074202897,577.9736124927537,0.0012724637681159425,1
2024-10-28 09:44:03.939739-04:00,578.71,581.8,579.04,579.801143884058,577.9492898985508,0.0013144927536231884,1
2024-10-28 09:45:03.957828-04:00,578.71,581.7,579.04,579.8733140869564,577.877160826087,0.0014391304347826093,1
2024-10-28 09:46:03.957494-04:00,578.71,581.65,579.04,579.90856,577.841935,0.0015000000000000005,1
2024-10-28 09:47:03.957535-04:00,578.71,581.73,579.04,579.900168115942,577.8503221014493,0.0014855072463768122,1
2024-10-28 09:48:04.348604-04:00,578.71,581.81,579.04,579.9438059130434,577.8067091739131,0.0015608695652173908,1
2024-10-28 09:49:04.103528-04:00,578.71,581.69,579.04,579.9505194202899,577.7999994927536,0.0015724637681159418,1
2024-10-28 09:50:04.114208-04:00,578.71,581.825,579.04,580.0025491014493,577.7479994637682,0.00166231884057971,1
2024-10-28 09:51:03.978584-04:00,578.71,581.61,579.04,580.0168153043478,577.7337413913044,0.0016869565217391314,1
2024-10-28 09:52:03.995814-04:00,578.71,581.48,579.04,580.0067450434782,577.7438059130435,0.0016695652173913049,1
2024-10-28 09:53:03.937745-04:00,578.71,581.505,579.04,579.9933180289854,577.7572252753623,0.001646376811594203,1
2024-10-28 09:54:03.877523-04:00,578.71,581.51,579.04,580.0168153043478,577.7337413913044,0.0016869565217391303,1
2024-10-28 09:55:03.830432-04:00,578.71,581.49,579.04,580.0042274782609,577.7463220434784,0.001665217391304348,1
2024-10-28 09:56:03.865616-04:00,578.71,581.74,579.04,580.1024125217391,577.6481929565218,0.0018347826086956528,1
2024-10-28 09:57:03.789736-04:00,578.71,581.46,579.04,580.1183571014493,577.6322574637682,0.0018623188405797097,1
2024-10-28 09:58:03.868394-04:00,578.71,581.69,579.04,580.1124827826087,577.6381284347826,0.0018521739130434778,1
2024-10-28 09:59:03.883990-04:00,578.71,581.755,579.04,580.1460503188406,577.6045800289855,0.001910144927536232,1
2024-10-28 10:00:03.876420-04:00,578.71,581.43,579.04,580.3432595942028,577.4074831449276,0.002250724637681159,1
2024-10-28 10:01:04.167155-04:00,578.71,581.67,579.04,580.355008231884,577.3957412028986,0.0022710144927536235,1
2024-10-28 10:02:04.060170-04:00,578.71,581.665,579.04,580.4112338550724,577.3395476231884,0.0023681159420289866,1
2024-10-28 10:03:03.968090-04:00,578.71,581.59,579.04,580.3533298550725,577.3974186231884,0.0022681159420289854,1
2024-10-28 10:04:03.982790-04:00,578.71,581.55,579.04,580.3583649855073,577.3923863623189,0.002276811594202899,1
2024-10-28 10:05:04.060934-04:00,578.71,581.53,579.04,580.3566866086957,577.3940637826088,0.002273913043478261,1
2024-10-28 10:06:03.831808-04:00,578.71,581.42,579.04,580.4137514202898,577.3370314927537,0.002372463768115943,1
2024-10-28 10:07:04.040036-04:00,578.71,581.525,579.04,580.4498365217391,577.3009669565217,0.002434782608695652,1
2024-10-28 10:08:03.763527-04:00,578.71,581.515,579.04,580.5136148405797,577.2372249855073,0.002544927536231884,1
2024-10-28 10:09:03.731851-04:00,578.71,581.785,579.04,580.520328347826,577.2305153043478,0.002556521739130435,1
2024-10-28 10:10:03.571460-04:00,578.71,581.89,579.04,580.5849458550724,577.1659346231885,0.0026681159420289856,1
2024-10-28 10:11:03.300829-04:00,578.71,581.78,579.04,580.6025688115942,577.148321710145,0.0026985507246376802,1
2024-10-28 10:12:04.263059-04:00,578.71,581.79,579.04,580.5841066666666,577.1667733333334,0.0026666666666666657,1
2024-10-28 10:13:04.341382-04:00,578.71,581.87,579.04,580.5690012753623,577.181870115942,0.002640579710144927,1
2024-10-28 10:14:04.103740-04:00,578.71,581.92,579.04,580.5899809855072,577.1609023623189,0.0026768115942029007,1
2024-10-28 10:15:04.203660-04:00,578.71,581.775,579.04,580.6067647536231,577.1441281594203,0.0027057971014492763,1
2024-10-28 10:16:04.212117-04:00,578.71,581.91,579.04,580.582428289855,577.1684507536232,0.002663768115942029,1
2024-10-28 10:17:04.242747-04:00,578.71,581.82,579.04,580.5673228985506,577.1835475362319,0.0026376811594202893,1
2024-10-28 10:18:04.351024-04:00,578.71,581.71,579.04,580.5631269565217,577.1877410869565,0.002630434782608696,1
2024-10-28 10:19:04.497648-04:00,578.71,581.78,579.04,580.582428289855,577.1684507536232,0.0026637681159420294,1
2024-10-28 10:20:04.568153-04:00,578.71,581.755,579.04,580.582428289855,577.1684507536232,0.0026637681159420302,1
2024-10-28 10:21:03.625249-04:00,578.71,581.81,579.04,580.5538958840579,577.1969668985508,0.0026144927536231877,1
2024-10-28 10:22:03.763577-04:00,578.71,581.83,579.04,580.603408,577.147483,0.0026999999999999993,1
2024-10-28 10:23:04.011536-04:00,578.71,581.88,579.04,580.5773931594202,577.1734830144927,0.0026550724637681156,1
2024-10-28 10:24:04.116380-04:00,578.71,582.07,579.04,580.6201917681159,577.1307087971014,0.0027289855072463766,1
2024-10-28 10:25:04.230893-04:00,578.71,581.955,579.04,580.6059255652173,577.1449668695652,0.0027043478260869564,1
2024-10-28 10:26:04.215758-04:00,578.71,582.055,579.04,580.644528231884,577.1063862028985,0.0027710144927536244,1
2024-10-28 10:27:04.071019-04:00,578.71,582.33,579.04,580.661312,577.089612,0.0027999999999999995,1
2024-10-28 10:28:04.079264-04:00,578.71,582.48,579.04,580.7217335652174,577.0292248695653,0.002904347826086956,1
2024-10-28 10:29:03.764344-04:00,578.71,582.43,579.04,580.6143174492753,577.136579768116,0.0027188405797101437,1
2024-10-28 10:30:03.792574-04:00,578.71,582.41,579.04,580.6621511884058,577.0887732898551,0.002801449275362319,1
2024-10-28 10:31:03.880854-04:00,578.71,582.47,579.04,580.6940403478261,577.0569023043479,0.0028565217391304343,1
2024-10-28 10:32:03.814518-04:00,578.71,582.25,579.04,580.7133416811595,577.0376119710145,0.0028898550724637687,1
2024-10-28 10:33:03.736538-04:00,578.71,582.165,579.04,580.7511051594203,576.9998700144928,0.0029550724637681164,1
2024-10-28 10:34:03.828660-04:00,578.71,582.01,579.04,580.8115267246376,576.9394828840581,0.0030594202898550716,1
2024-10-28 10:35:03.793944-04:00,578.71,581.8,579.04,580.8509685797102,576.9000635072464,0.0031275362318840573,1
2024-10-28 10:36:03.716664-04:00,578.71,581.975,579.04,580.863556405797,576.8874828550726,0.0031492753623188407,1
2024-10-28 10:37:03.708498-04:00,578.71,581.95,579.04,580.8501293913043,576.9009022173914,0.0031260869565217387,1
2024-10-28 10:38:03.908418-04:00,578.71,582.07,579.04,580.8174010434782,576.9336119130435,0.003069565217391304,1
2024-10-28 10:39:03.763767-04:00,578.71,581.855,579.04,580.8660739710144,576.8849667246377,0.0031536231884057965,1
2024-10-28 10:40:03.777056-04:00,578.71,582.03,579.04,580.8476118260869,576.9034183478261,0.003121739130434784,1
2024-10-28 10:41:03.717413-04:00,578.71,582.115,579.04,580.8669131594203,576.8841280144928,0.0031550724637681147,1
2024-10-28 10:42:03.725467-04:00,578.71,582.175,579.04,580.901319884058,576.8497408985507,0.003214492753623189,1
2024-10-28 10:43:03.818269-04:00,578.71,582.26,579.04,580.9441184927535,576.8069666811595,0.0032884057971014494,1
2024-10-28 10:44:03.662657-04:00,578.71,582.13,579.04,580.9122293333334,576.8388376666667,0.003233333333333333,1
2024-10-28 10:45:03.811866-04:00,578.71,582.245,579.04,580.9558671304347,576.7952247391305,0.0033086956521739133,1
2024-10-28 10:46:03.861898-04:00,578.71,582.36,579.04,580.9390833623188,576.811998942029,0.003279710144927536,1
2024-10-28 10:47:03.864344-04:00,578.71,582.18,579.04,580.954188753623,576.7969021594204,0.003305797101449274,1
2024-10-28 10:48:03.732444-04:00,578.71,582.3,579.04,580.9491536231883,576.80193442029,0.0032971014492753623,1
2024-10-28 10:49:03.722513-04:00,578.71,582.22,579.04,580.9550279420289,576.7960634492754,0.0033072463768115926,1
2024-10-28 10:50:03.816636-04:00,578.71,582.3,579.04,580.8904104347826,576.8606441304348,0.003195652173913043,1
2024-10-28 10:51:04.048054-04:00,578.71,582.19,579.04,580.9491536231883,576.80193442029,0.0032971014492753628,1
2024-10-28 10:52:04.039998-04:00,578.71,582.215,579.04,581.004540057971,576.7465795507247,0.003392753623188406,1
2024-10-28 10:53:03.819566-04:00,578.71,582.325,579.04,581.0129319420289,576.7381924492754,0.003407246376811595,1
2024-10-28 10:54:03.834386-04:00,578.71,582.37,579.04,581.008736,576.742386,0.0034000000000000002,1
2024-10-28 10:55:04.178641-04:00,578.71,582.28,579.04,581.033911652174,576.7172246956522,0.0034434782608695658,1
2024-10-28 10:56:03.925660-04:00,578.71,582.205,579.04,581.0003441159421,576.7507731014493,0.0033855072463768133,1
2024-10-28 10:57:03.728371-04:00,578.71,582.225,579.04,581.0196454492753,576.731482768116,0.0034188405797101456,1
2024-10-28 10:58:03.790522-04:00,578.71,582.14,579.04,581.0129319420289,576.7381924492754,0.0034072463768115937,1
2024-10-28 10:59:03.805898-04:00,578.71,581.89,579.04,581.0691575652173,576.6819988695652,0.0035043478260869555,1
2024-10-28 11:00:04.188145-04:00,578.71,582.05,579.04,581.0884588985507,576.6627085362319,0.003537681159420292,1
2024-10-28 11:01:04.151388-04:00,578.71,581.45,579.04,581.0683183768116,576.6828375797102,0.0035028985507246377,1
2024-10-28 11:02:03.778718-04:00,578.71,581.5,579.04,581.1270615652173,576.6241278695652,0.0036043478260869575,1
2024-10-28 11:03:03.470951-04:00,578.71,581.47,579.04,581.1362926376812,576.6149020579711,0.0036202898550724647,1
2024-10-28 11:04:03.379990-04:00,578.71,581.395,579.04,581.1732169275361,576.5779988115943,0.0036840579710144916,1
2024-10-28 11:05:04.378082-04:00,578.71,581.6,579.04,581.2017493333333,576.5494826666667,0.0037333333333333324,1
2024-10-28 11:06:03.464816-04:00,578.71,581.645,579.04,581.1656642318841,576.5855472028986,0.0036710144927536237,1
2024-10-28 11:07:03.262896-04:00,578.71,581.56,579.04,581.1900006956521,576.5612246086957,0.0037130434782608685,1
2024-10-28 11:08:04.238813-04:00,578.71,581.56,579.04,581.2588141449274,576.4924503768117,0.003831884057971015,1
2024-10-28 11:09:04.342887-04:00,578.71,581.495,579.04,581.2118195942028,576.5394181449276,0.00375072463768116,1
2024-10-28 11:10:04.361117-04:00,578.71,581.555,579.04,581.1866439420289,576.5645794492754,0.0037072463768115945,1
2024-10-28 11:11:03.460848-04:00,578.71,581.665,579.04,581.2000709565217,576.5511600869565,0.0037304347826086943,1
2024-10-28 11:12:03.634536-04:00,578.71,581.8,579.04,581.2160155362319,576.535224594203,0.003757971014492754,1
2024-10-28 11:13:03.381512-04:00,578.71,581.82,579.04,581.2705627826086,576.4807084347826,0.003852173913043478,1
2024-10-28 11:14:03.470873-04:00,578.71,582,579.04,581.2865073623187,576.4647729420291,0.0038797101449275363,1
2024-10-28 11:15:03.615235-04:00,578.71,581.94,579.04,581.3142005797101,576.4370955072465,0.003927536231884058,1
2024-10-28 11:16:03.407502-04:00,578.71,581.85,579.04,581.2604925217391,576.4907729565218,0.003834782608695652,1
2024-10-28 11:17:03.264755-04:00,578.71,581.77,579.04,581.2797938550725,576.4714826231884,0.0038681159420289853,1
2024-10-28 11:18:04.497963-04:00,578.71,581.7,579.04,581.2957384347826,576.4555471304348,0.003895652173913043,1
2024-10-28 11:19:03.300050-04:00,578.71,581.71,579.04,581.2890249275362,576.4622568115942,0.003884057971014493,1
2024-10-28 11:20:04.117012-04:00,578.71,581.64,579.04,581.2881857391304,576.4630955217392,0.0038826086956521735,1
2024-10-28 11:21:04.041995-04:00,578.71,581.5,579.04,581.2890249275362,576.4622568115942,0.003884057971014492,1
2024-10-28 11:22:03.944965-04:00,578.71,581.68,579.04,581.2982559999999,576.453031,0.0039000000000000003,1
2024-10-28 11:23:04.132558-04:00,578.71,581.69,579.04,581.3335019130434,576.417805173913,0.003960869565217392,1
2024-10-28 11:24:04.096470-04:00,578.71,581.615,579.04,581.3578383768115,576.3934825797102,0.004002898550724638,1
2024-10-28 11:25:03.960472-04:00,578.71,581.575,579.04,581.3435721739131,576.407740652174,0.0039782608695652175,1
2024-10-28 11:26:03.997017-04:00,578.71,581.565,579.04,581.322592463768,576.4287084057971,0.0039420289855072455,1
2024-10-28 11:27:03.846045-04:00,578.71,581.595,579.04,581.2915424927536,576.4597406811595,0.0038884057971014492,1
2024-10-28 11:28:03.865394-04:00,578.71,581.585,579.04,581.3007735652174,576.4505148695653,0.003904347826086956,1
2024-10-28 11:29:03.824860-04:00,578.71,581.57,579.04,581.2386736231883,576.5125794202899,0.0037971014492753623,1
2024-10-28 11:30:04.020648-04:00,578.71,581.55,579.04,581.2965776231885,576.4547084202899,0.0038971014492753626,1
2024-10-28 11:31:04.024151-04:00,578.71,581.59,579.04,581.3284667826086,576.4228374347827,0.003952173913043479,1
2024-10-28 11:32:04.205051-04:00,578.71,581.52,579.04,581.3452505507246,576.4060632318841,0.003981159420289856,1
2024-10-28 11:33:04.197690-04:00,578.71,581.21,579.04,581.347768115942,576.4035471014494,0.003985507246376811,0
2024-10-28 11:34:04.293458-04:00,578.71,581.16,579.04,581.3175573333333,576.4337406666667,0.0039333333333333356,0
2024-10-28 11:35:04.374047-04:00,578.71,581.21,579.04,581.281472231884,576.4698052028986,0.0038710144927536225,0
2024-10-28 11:36:04.247081-04:00,578.71,581.1,579.04,581.3058086956521,576.4454826086957,0.003913043478260871,0
2024-10-28 11:37:04.446240-04:00,578.71,581.06,579.04,581.3133613913043,576.4379342173913,0.003926086956521741,0
2024-10-28 11:38:03.235836-04:00,578.71,581.38,579.04,581.3116830144927,576.4396116376812,0.0039231884057971,1
2024-10-28 11:39:04.350823-04:00,578.71,581.34,579.04,581.3150397681159,576.4362567971015,0.003928985507246377,1
2024-10-28 11:40:04.247891-04:00,578.71,581.405,579.04,581.3100046376811,576.4412890579711,0.003920289855072465,1
2024-10-28 11:41:04.289327-04:00,578.71,581.07,579.04,581.2890249275362,576.4622568115942,0.003884057971014492,0
2024-10-28 11:42:04.517707-04:00,578.71,581.06,579.04,581.2957384347826,576.4555471304348,0.003895652173913044,0
2024-10-28 11:43:03.663127-04:00,578.71,581.095,579.04,581.2948992463768,576.4563858405797,0.0038942028985507237,0
2024-10-28 11:44:03.703040-04:00,578.71,581.03,579.04,581.2990951884058,576.4521922898551,0.003901449275362321,0
2024-10-28 11:45:03.912279-04:00,578.71,580.935,579.04,581.3452505507246,576.4060632318841,0.003981159420289854,0
2024-10-28 11:46:03.952100-04:00,578.71,580.9,579.04,581.3855315942028,576.3658051449275,0.004050724637681158,0
2024-10-28 11:47:04.206268-04:00,578.71,581.1,579.04,581.4081896811593,576.3431599710145,0.004089855072463768,0
2024-10-28 11:48:04.246284-04:00,578.71,581.01,579.04,581.3989586086956,576.3523857826087,0.004073913043478259,0
2024-10-28 11:49:04.175481-04:00,578.71,581.17,579.04,581.3956018550724,576.3557406231885,0.004068115942028987,0
2024-10-28 11:50:04.008677-04:00,578.71,581.15,579.04,581.4274910144927,576.3238696376812,0.0041231884057971015,0
2024-10-28 11:51:04.097536-04:00,578.71,581.36,579.04,581.3880491594202,576.3632890144928,0.004055072463768116,0
2024-10-28 11:52:04.261451-04:00,578.71,581.41,579.04,581.3914059130434,576.3599341739131,0.004060869565217391,1
2024-10-28 11:53:04.504650-04:00,578.71,581.26,579.04,581.4006369855073,576.3507083623189,0.004076811594202898,0
2024-10-28 11:54:03.500744-04:00,578.71,581.13,579.04,581.4081896811593,576.3431599710145,0.00408985507246377,0
2024-10-28 11:55:03.211419-04:00,578.71,580.98,579.04,581.3930842898551,576.3582567536232,0.004063768115942029,0
2024-10-28 11:56:03.965200-04:00,578.71,580.895,579.04,581.3695870144927,576.3817406376812,0.004023188405797101,0
2024-10-28 11:57:03.759035-04:00,578.71,580.91,579.04,581.3360194782608,576.4152890434783,0.003965217391304348,0
2024-10-28 11:58:03.591350-04:00,578.71,581.03,579.04,581.3595167536232,576.3918051594203,0.004005797101449276,0
2024-10-28 11:59:03.804739-04:00,578.71,581.03,579.04,581.3989586086957,576.3523857826087,0.004073913043478262,0
2024-10-28 12:00:03.782211-04:00,578.71,580.98,579.04,581.397280231884,576.3540632028986,0.004071014492753625,0
2024-10-28 12:01:03.842992-04:00,578.71,580.86,579.04,581.3964410434781,576.3549019130435,0.004069565217391304,0
2024-10-28 12:02:03.606489-04:00,578.71,580.7,579.04,581.4342045217392,576.3171599565218,0.004134782608695655,0
2024-10-28 12:03:03.662215-04:00,578.71,580.84,579.04,581.4618977391304,576.2894825217392,0.004182608695652174,0
2024-10-28 12:04:03.658002-04:00,578.71,581.005,579.04,581.4325261449275,576.3188373768116,0.004131884057971015,0
2024-10-28 12:05:03.805045-04:00,578.71,580.885,579.04,581.4115464347826,576.3398051304348,0.0040956521739130445,0
2024-10-28 12:06:04.087150-04:00,578.71,580.74,579.04,581.4258126376811,576.325547057971,0.0041202898550724626,0
2024-10-28 12:07:04.064883-04:00,578.71,580.81,579.04,581.4115464347826,576.3398051304348,0.004095652173913044,0
2024-10-28 12:08:03.998282-04:00,578.71,580.75,579.04,581.4182599420291,576.3330954492754,0.004107246376811596,0
2024-10-28 12:09:03.995678-04:00,578.71,580.96,579.04,581.4325261449275,576.3188373768116,0.004131884057971016,0
2024-10-28 12:10:03.794966-04:00,578.71,580.98,579.04,581.463576115942,576.2878051014493,0.004185507246376813,0
2024-10-28 12:11:03.723569-04:00,578.71,581.1,579.04,581.4660936811594,576.2852889710146,0.004189855072463768,0
2024-10-28 12:12:03.493240-04:00,578.71,581.14,579.04,581.4929477101448,576.2584502463768,0.004236231884057972,0
2024-10-28 12:13:03.515509-04:00,578.71,581.2,579.04,581.5273544347825,576.2240631304348,0.004295652173913045,0
2024-10-28 12:14:03.580654-04:00,578.71,581.24,579.04,581.5005004057971,576.2509018550725,0.004249275362318841,0
2024-10-28 12:15:03.499283-04:00,578.71,581.2,579.04,581.5189625507246,576.2324502318841,0.004281159420289856,0
2024-10-28 12:16:03.493883-04:00,578.71,581.185,579.04,581.5214801159419,576.2299341014493,0.004285507246376812,0
2024-10-28 12:17:03.327483-04:00,578.71,581.185,579.04,581.517284173913,576.2341276521739,0.004278260869565215,0
2024-10-28 12:18:03.473679-04:00,578.71,581.41,579.04,581.525676057971,576.2257405507247,0.004292753623188405,0
2024-10-28 12:19:03.912823-04:00,578.71,581.35,579.04,581.4929477101448,576.2584502463768,0.004236231884057971,0
2024-10-28 12:20:04.103125-04:00,578.71,581.42,579.04,581.4811990724637,576.2701921884059,0.004215942028985507,0
2024-10-28 12:21:04.066787-04:00,578.71,581.44,579.04,581.4946260869565,576.256772826087,0.004239130434782608,0
2024-10-28 12:22:04.145825-04:00,578.71,581.61,579.04,581.5181233623188,576.233288942029,0.004279710144927536,1
2024-10-28 12:23:04.099964-04:00,578.71,581.61,579.04,581.5139274202899,576.2374824927537,0.004272463768115943,1
2024-10-28 12:24:04.197091-04:00,578.71,581.555,579.04,581.4954652753623,576.2559341159421,0.004240579710144928,1
2024-10-28 12:25:04.169171-04:00,578.71,581.575,579.04,581.4736463768115,576.2777405797102,0.004202898550724637,1
2024-10-28 12:26:04.074932-04:00,578.71,581.575,579.04,581.4837166376811,576.267676057971,0.004220289855072463,1
2024-10-28 12:27:03.842408-04:00,578.71,581.575,579.04,581.4820382608694,576.2693534782609,0.0042173913043478265,1
2024-10-28 12:28:03.687919-04:00,578.71,581.6,579.04,581.4795206956521,576.2718696086956,0.0042130434782608715,1
2024-10-28 12:29:03.380233-04:00,578.71,581.495,579.04,581.4686112463768,576.2827728405797,0.004194202898550725,1
2024-10-28 12:30:04.128507-04:00,578.71,581.535,579.04,581.4442747826087,576.3070954347827,0.004152173913043477,1
2024-10-28 12:31:04.008142-04:00,578.71,581.45,579.04,581.4744855652174,576.2769018695652,0.004204347826086956,0
2024-10-28 12:32:03.829408-04:00,578.71,581.45,579.04,581.5323895652173,576.2190308695652,0.004304347826086958,0
2024-10-28 12:33:03.601113-04:00,578.71,581.435,579.04,581.476163942029,576.2752244492754,0.004207246376811595,0
2024-10-28 12:34:03.573435-04:00,578.71,581.385,579.04,581.4451139710145,576.3062567246377,0.004153623188405798,0
2024-10-28 12:35:03.688014-04:00,578.71,581.385,579.04,581.4375612753623,576.313805115942,0.004140579710144927,0
2024-10-28 12:36:03.528124-04:00,578.71,581.19,579.04,581.4149031884058,576.3364502898552,0.004101449275362318,0
2024-10-28 12:37:03.460139-04:00,578.71,580.965,579.04,581.4140639999999,576.337289,0.0041,0
2024-10-28 12:38:03.271069-04:00,578.71,580.91,579.04,581.3989586086957,576.3523857826087,0.004073913043478262,0
2024-10-28 12:39:04.319704-04:00,578.71,580.755,579.04,581.4266518260869,576.3247083478261,0.004121739130434784,0
2024-10-28 12:40:04.338624-04:00,578.71,580.825,579.04,581.4274910144927,576.3238696376812,0.0041231884057971015,0
2024-10-28 12:41:04.147910-04:00,578.71,580.835,579.04,581.4543450434782,576.2970309130435,0.0041695652173913056,0
2024-10-28 12:42:04.100362-04:00,578.71,581.115,579.04,581.4795206956521,576.2718696086956,0.00421304347826087,0
2024-10-28 12:43:04.004767-04:00,578.71,581.36,579.04,581.4694504347826,576.2819341304348,0.004195652173913044,0
2024-10-28 12:44:04.129515-04:00,578.71,581.55,579.04,581.4602193623188,576.291159942029,0.004179710144927537,1
2024-10-28 12:45:03.998111-04:00,578.71,581.62,579.04,581.4937868985506,576.2576115362319,0.004237681159420289,1
2024-10-28 12:46:04.014321-04:00,578.71,581.505,579.04,581.5139274202899,576.2374824927537,0.004272463768115941,0
2024-10-28 12:47:03.917216-04:00,578.71,581.37,579.04,581.5189625507246,576.2324502318841,0.004281159420289854,0
2024-10-28 12:48:03.788038-04:00,578.71,581.16,579.04,581.5122490434783,576.2391599130435,0.004269565217391306,0
2024-10-28 12:49:03.849415-04:00,578.71,581.035,579.04,581.5139274202899,576.2374824927537,0.004272463768115945,0
2024-10-28 12:50:03.623762-04:00,578.71,581.35,579.04,581.5239976811594,576.2274179710145,0.004289855072463767,0
2024-10-28 12:51:03.737721-04:00,578.71,581.2,579.04,581.5550476521739,576.1963856956522,0.004343478260869564,0
2024-10-28 12:52:03.507708-04:00,578.71,581.31,579.04,581.5793841159419,576.1720631014493,0.004385507246376813,0
2024-10-28 12:53:03.585536-04:00,578.71,581.31,579.04,581.5777057391305,576.1737405217391,0.0043826086956521735,0
2024-10-28 12:54:03.496056-04:00,578.71,581.155,579.04,581.5860976231884,576.1653534202899,0.004397101449275361,0
2024-10-28 12:55:03.470143-04:00,578.71,581.2,579.04,581.5634395362318,576.1879985942029,0.0043579710144927555,0
2024-10-28 12:56:03.578670-04:00,578.71,581.19,579.04,581.5592435942029,576.1921921449276,0.004350724637681159,0
2024-10-28 12:57:03.576155-04:00,578.71,581.11,579.04,581.5902935652173,576.1611598695653,0.004404347826086957,0
2024-10-28 12:58:03.441971-04:00,578.71,581.11,579.04,581.5869368115941,576.164514710145,0.004398550724637681,0
2024-10-28 12:59:03.593259-04:00,578.71,581.13,579.04,581.6028813913043,576.1485792173913,0.004426086956521741,0
2024-10-28 13:00:03.908027-04:00,578.71,581.11,579.04,581.6272178550724,576.1242566231884,0.004468115942028986,0
2024-10-28 13:01:04.239184-04:00,578.71,581.11,579.04,581.6423232463767,576.1091598405798,0.004494202898550727,0
2024-10-28 13:02:04.288168-04:00,578.71,581.08,579.04,581.628896231884,576.1225792028986,0.004471014492753626,0
2024-10-28 13:03:04.095754-04:00,578.71,581.01,579.04,581.628896231884,576.1225792028986,0.004471014492753623,0
2024-10-28 13:04:03.949926-04:00,578.71,581.1,579.04,581.5986854492753,576.152772768116,0.004418840579710146,0
2024-10-28 13:05:04.063771-04:00,578.71,581.1,579.04,581.6079165217391,576.1435469565217,0.004434782608695653,0
2024-10-28 13:06:03.815787-04:00,578.71,581.03,579.04,581.620504347826,576.1309663043478,0.004456521739130434,0
2024-10-28 13:07:03.993099-04:00,578.71,581.03,579.04,581.5978462608696,576.1536114782609,0.004417391304347826,0
2024-10-28 13:08:04.119770-04:00,578.71,581.22,579.04,581.6163084057971,576.1351598550725,0.00444927536231884,0
2024-10-28 13:09:04.191058-04:00,578.71,581.27,579.04,581.600363826087,576.1510953478262,0.004421739130434784,0
2024-10-28 13:10:04.118205-04:00,578.71,581.3,579.04,581.6129516521738,576.1385146956522,0.004443478260869564,0
2024-10-28 13:11:04.223865-04:00,578.71,581.11,579.04,581.6020422028985,576.1494179275363,0.004424637681159422,0
2024-10-28 13:12:04.151316-04:00,578.71,581.11,579.04,581.6095948985507,576.1418695362319,0.004437681159420292,0
2024-10-28 13:13:04.141669-04:00,578.71,580.97,579.04,581.6045597681159,576.1469017971015,0.004428985507246379,0
2024-10-28 13:14:03.977245-04:00,578.71,580.87,579.04,581.6213435362318,576.1301275942029,0.004457971014492753,0
2024-10-28 13:15:03.850101-04:00,578.71,580.69,579.04,581.6465191884058,576.1049662898552,0.004501449275362319,0
2024-10-28 13:16:03.927027-04:00,578.71,580.86,579.04,581.6758907826086,576.0756114347827,0.004552173913043477,0
2024-10-28 13:17:03.948328-04:00,578.71,581,579.04,581.6674988985507,576.0839985362319,0.00453768115942029,0
2024-10-28 13:18:04.336895-04:00,578.71,580.845,579.04,581.675051594203,576.0764501449275,0.004550724637681157,0
2024-10-28 13:19:04.345833-04:00,578.71,581.01,579.04,581.6960313043478,576.0554823913044,0.004586956521739131,0
2024-10-28 13:20:04.220271-04:00,578.71,581.195,579.04,581.6901569855072,576.0613533623189,0.004576811594202899,0
2024-10-28 13:21:04.262915-04:00,578.71,581.465,579.04,581.6792475362319,576.0722565942029,0.004557971014492753,0
2024-10-28 13:22:04.162257-04:00,578.71,581.445,579.04,581.6800867246377,576.071417884058,0.004559420289855074,0
2024-10-28 13:23:04.152791-04:00,578.71,581.55,579.04,581.6851218550725,576.0663856231885,0.004568115942028986,0
2024-10-28 13:24:03.983404-04:00,578.71,581.42,579.04,581.6406448695652,576.1108372608696,0.00449130434782609,0
2024-10-28 13:25:03.747121-04:00,578.71,581.465,579.04,581.6708556521738,576.0806436956523,0.004543478260869566,0
2024-10-28 13:26:03.645682-04:00,578.71,581.51,579.04,581.7094583188406,576.0420630289856,0.004610144927536233,0
2024-10-28 13:27:03.661848-04:00,578.71,581.34,579.04,581.6859610434783,576.0655469130436,0.004569565217391305,0
2024-10-28 13:28:03.519382-04:00,578.71,581.39,579.04,581.7153326376812,576.0361920579711,0.004620289855072463,0
2024-10-28 13:29:03.481569-04:00,578.71,581.29,579.04,581.7472217971014,576.0043210724638,0.004675362318840581,0
2024-10-28 13:30:04.434542-04:00,578.71,581.325,579.04,581.757292057971,575.9942565507247,0.004692753623188407,0
2024-10-28 13:31:03.504108-04:00,578.71,581.37,579.04,581.7346339710144,576.0169017246377,0.004653623188405795,0
2024-10-28 13:32:03.470840-04:00,578.71,581.52,579.04,581.7682015072463,575.9833533188406,0.0047115942028985525,0
2024-10-28 13:33:03.415961-04:00,578.71,581.575,579.04,581.7749150144926,575.9766436376811,0.004723188405797101,0
2024-10-28 13:34:03.314485-04:00,578.71,581.575,579.04,581.7430258550725,576.0085146231885,0.0046681159420289865,0
2024-10-28 13:35:04.537659-04:00,578.71,581.575,579.04,581.740508289855,576.0110307536232,0.00466376811594203,0
2024-10-28 13:36:03.454976-04:00,578.71,581.525,579.04,581.7421866666666,576.0093533333334,0.004666666666666668,0
2024-10-28 13:37:04.289601-04:00,578.71,581.495,579.04,581.753096115942,575.9984501014493,0.004685507246376812,0
2024-10-28 13:38:04.160690-04:00,578.71,581.4,579.04,581.7371515362319,576.014385594203,0.0046579710144927546,0
2024-10-28 13:39:04.086881-04:00,578.71,581.475,579.04,581.7782717681159,575.9732887971014,0.0047289855072463775,0
2024-10-28 13:40:04.012177-04:00,578.71,581.475,579.04,581.8084825507245,575.9430952318841,0.004781159420289854,0
2024-10-28 13:41:03.841506-04:00,578.71,581.53,579.04,581.7883420289855,575.9632242753623,0.004746376811594205,0
2024-10-28 13:42:03.804701-04:00,578.71,581.525,579.04,581.7875028405797,575.9640629855073,0.004744927536231884,0
2024-10-28 13:43:03.729423-04:00,578.71,581.54,579.04,581.7765933913043,575.9749662173913,0.004726086956521741,0
2024-10-28 13:44:03.728014-04:00,578.71,581.505,579.04,581.7774325797102,575.9741275072464,0.004727536231884061,0
2024-10-28 13:45:03.931341-04:00,578.71,581.62,579.04,581.7791109565217,575.9724500869565,0.004730434782608696,0
2024-10-28 13:46:03.831357-04:00,578.71,581.54,579.04,581.7875028405797,575.9640629855073,0.004744927536231886,0
2024-10-28 13:47:03.760473-04:00,578.71,581.64,579.04,581.8286230724638,575.9229661884059,0.004815942028985507,0
2024-10-28 13:48:03.816617-04:00,578.71,581.56,579.04,581.8244271304349,575.9271597391305,0.004808695652173916,0
2024-10-28 13:49:03.945206-04:00,578.71,581.56,579.04,581.8571554782609,575.8944500434783,0.00486521739130435,0
2024-10-28 13:50:03.905713-04:00,578.71,581.48,579.04,581.8370149565217,575.9145790869566,0.004830434782608697,0
2024-10-28 13:51:03.756208-04:00,578.71,581.48,579.04,581.8386933333333,575.9129016666667,0.004833333333333336,0
2024-10-28 13:52:03.742754-04:00,578.71,581.59,579.04,581.8621906086956,575.8894177826087,0.00487391304347826,0
2024-10-28 13:53:03.786666-04:00,578.71,581.7,579.04,581.8747784347826,575.8768371304348,0.004895652173913045,0
2024-10-28 13:54:03.872140-04:00,578.71,581.74,579.04,581.8638689855072,575.8877403623188,0.004876811594202899,0
2024-10-28 13:55:03.894912-04:00,578.71,581.69,579.04,581.8462460289855,575.9053532753624,0.004846376811594204,0
2024-10-28 13:56:04.080676-04:00,578.71,581.69,579.04,581.8781351884057,575.8734822898551,0.0049014492753623184,0
2024-10-28 13:57:04.076813-04:00,578.71,581.69,579.04,581.8781351884057,575.8734822898551,0.00490144927536232,0
2024-10-28 13:58:04.010167-04:00,578.71,581.675,579.04,581.8714216811594,575.8801919710145,0.004889855072463767,0
2024-10-28 13:59:04.603906-04:00,578.71,581.705,579.04,581.8621906086956,575.8894177826087,0.0048739130434782615,0
2024-10-28 14:00:03.738126-04:00,578.71,581.655,579.04,581.864708173913,575.886901652174,0.0048782608695652156,0
2024-10-28 14:01:03.949280-04:00,578.71,581.575,579.04,581.8697433043478,575.8818693913043,0.004886956521739129,0
2024-10-28 14:02:04.166426-04:00,578.71,581.34,579.04,581.9133811014492,575.8382564637682,0.004962318840579713,0
2024-10-28 14:03:04.139538-04:00,578.71,581.34,579.04,581.9066675942029,575.8449661449275,0.004950724637681161,0
2024-10-28 14:04:04.098540-04:00,578.71,581.42,579.04,581.9209337971015,575.8307080724638,0.0049753623188405795,0
2024-10-28 14:05:03.936435-04:00,578.71,581.595,579.04,581.9075067826086,575.8441274347826,0.004952173913043477,0
2024-10-28 14:06:03.966145-04:00,578.71,581.48,579.04,581.922612173913,575.829030652174,0.004978260869565219,0
2024-10-28 14:07:03.855006-04:00,578.71,581.715,579.04,581.9091851594203,575.8424500144928,0.004955072463768118,0
2024-10-28 14:08:03.934893-04:00,578.71,581.72,579.04,581.9301648695651,575.8214822608696,0.0049913043478260885,0
2024-10-28 14:09:03.942734-04:00,578.71,581.84,579.04,581.914220289855,575.8374177536232,0.00496376811594203,0
2024-10-28 14:10:04.024576-04:00,578.71,581.84,579.04,581.9268081159421,575.8248371014494,0.004985507246376812,0
2024-10-28 14:11:03.883157-04:00,578.71,581.84,579.04,581.8840095072463,575.8676113188407,0.004911594202898553,0
2024-10-28 14:12:04.043293-04:00,578.71,581.62,579.04,581.8965973333333,575.8550306666667,0.004933333333333334,0
2024-10-28 14:13:03.948224-04:00,578.71,581.67,579.04,581.8638689855072,575.8877403623188,0.0048768115942029,0
2024-10-28 14:14:04.087292-04:00,578.71,581.58,579.04,581.8521203478261,575.8994823043479,0.004856521739130434,0
2024-10-28 14:15:04.204259-04:00,578.71,581.57,579.04,581.8965973333333,575.8550306666667,0.004933333333333333,0
2024-10-28 14:16:04.198600-04:00,578.71,581.45,579.04,581.8865270724638,575.8650951884058,0.004915942028985507,0
2024-10-28 14:17:04.469195-04:00,578.71,581.52,579.04,581.8873662608696,575.8642564782609,0.004917391304347826,0
2024-10-28 14:18:03.551012-04:00,578.71,581.41,579.04,581.9150594782609,575.8365790434783,0.004965217391304349,0
2024-10-28 14:19:03.568977-04:00,578.71,581.5,579.04,581.9284864927536,575.8231596811595,0.004988405797101451,0
2024-10-28 14:20:03.478207-04:00,578.71,581.53,579.04,581.8890446376811,575.8625790579711,0.004920289855072464,0
2024-10-28 14:21:04.105163-04:00,578.71,581.41,579.04,581.8865270724638,575.8650951884058,0.00491594202898551,0
2024-10-28 14:22:04.058993-04:00,578.71,581.435,579.04,581.8965973333333,575.8550306666667,0.004933333333333336,0
2024-10-28 14:23:04.248677-04:00,578.71,581.435,579.04,581.9117027246376,575.839933884058,0.004959420289855072,0
2024-10-28 14:24:03.887099-04:00,578.71,581.435,579.04,581.9419135072463,575.8097403188406,0.005011594202898551,0
2024-10-28 14:25:04.040754-04:00,578.71,581.435,579.04,581.9117027246376,575.839933884058,0.004959420289855072,0
2024-10-28 14:26:04.211741-04:00,578.71,581.33,579.04,581.9293256811594,575.8223209710145,0.004989855072463767,0
2024-10-28 14:27:04.009189-04:00,578.71,581.62,579.04,581.9217729855071,575.8298693623188,0.004976811594202898,0
2024-10-28 14:28:03.960930-04:00,578.71,581.55,579.04,581.9268081159421,575.8248371014494,0.004985507246376814,0
2024-10-28 14:29:04.043192-04:00,578.71,581.55,579.04,581.9175770434782,575.8340629130435,0.004969565217391306,0
2024-10-28 14:30:03.967830-04:00,578.71,581.34,579.04,581.9763202318841,575.7753532028986,0.005071014492753622,0
2024-10-28 14:31:03.834625-04:00,578.71,581.365,579.04,581.9847121159421,575.7669661014493,0.005085507246376815,0
2024-10-28 14:32:03.932065-04:00,578.71,581.36,579.04,582.0006566956522,575.7510306086957,0.005113043478260871,0
2024-10-28 14:33:03.712626-04:00,578.71,581.33,579.04,581.9779986086957,575.7736757826087,0.005073913043478261,0
2024-10-28 14:34:03.862620-04:00,578.71,581.33,579.04,581.9821945507246,575.7694822318841,0.005081159420289855,0
2024-10-28 14:35:03.924250-04:00,578.71,581.265,579.04,581.9360391884057,575.8156112898552,0.00500144927536232,0
2024-10-28 14:36:04.168878-04:00,578.71,581.13,579.04,581.9402351304348,575.8114177391305,0.005008695652173912,0
2024-10-28 14:37:04.159865-04:00,578.71,581.085,579.04,581.9293256811594,575.8223209710145,0.004989855072463766,0
2024-10-28 14:38:03.947587-04:00,578.71,581.12,579.04,581.9435918840579,575.8080628985507,0.00501449275362319,0
2024-10-28 14:39:03.821430-04:00,578.71,581.14,579.04,581.931004057971,575.8206435507246,0.004992753623188408,0
2024-10-28 14:40:03.782288-04:00,578.71,581.3,579.04,581.8915622028985,575.8600629275362,0.004924637681159421,0
2024-10-28 14:41:03.916655-04:00,578.71,581.4,579.04,581.9049892173912,575.8466435652174,0.004947826086956524,0
2024-10-28 14:42:03.985839-04:00,578.71,581.35,579.04,581.9083459710145,575.8432887246378,0.0049536231884057995,0
2024-10-28 14:43:03.740113-04:00,578.71,581.32,579.04,581.9108635362318,575.8407725942029,0.004957971014492755,0
2024-10-28 14:44:03.689365-04:00,578.71,581.13,579.04,581.922612173913,575.829030652174,0.0049782608695652176,0
2024-10-28 14:45:03.688287-04:00,578.71,581.11,579.04,581.931004057971,575.8206435507246,0.0049927536231884045,0
2024-10-28 14:46:03.928107-04:00,578.71,581.06,579.04,581.9351999999999,575.81645,0.004999999999999999,0
2024-10-28 14:47:04.005160-04:00,578.71,580.935,579.04,581.9620540289854,575.7896112753623,0.0050463768115942016,0
2024-10-28 14:48:03.703049-04:00,578.71,580.98,579.04,581.980516173913,575.771159652174,0.005078260869565218,0
2024-10-28 14:49:03.886644-04:00,578.71,580.95,579.04,581.9721242898551,575.7795467536232,0.00506376811594203,0
2024-10-28 14:50:03.775512-04:00,578.71,580.99,579.04,581.9696067246376,575.7820628840581,0.0050594202898550725,0
2024-10-28 14:51:03.630151-04:00,578.71,581.405,579.04,581.9318432463768,575.8198048405798,0.004994202898550725,0
2024-10-28 14:52:03.557416-04:00,578.71,581.47,579.04,581.9276473043477,575.8239983913044,0.00498695652173913,0
2024-10-28 14:53:03.437826-04:00,578.71,581.42,579.04,581.922612173913,575.829030652174,0.004978260869565219,0
2024-10-28 14:54:03.553049-04:00,578.71,581.46,579.04,581.9108635362318,575.8407725942029,0.004957971014492752,0
2024-10-28 14:55:03.903901-04:00,578.71,581.635,579.04,581.8714216811594,575.8801919710145,0.0048898550724637705,0
2024-10-28 14:56:03.963894-04:00,578.71,581.525,579.04,581.8613514202898,575.8902564927537,0.004872463768115942,0
2024-10-28 14:57:04.125903-04:00,578.71,581.545,579.04,581.8772959999999,575.874321,0.004899999999999997,0
2024-10-28 14:58:04.113645-04:00,578.71,581.58,579.04,581.8319798260869,575.919611347826,0.004821739130434782,0
2024-10-28 14:59:04.180037-04:00,578.71,581.51,579.04,581.8269446956522,575.9246436086958,0.004813043478260868,0
2024-10-28 15:00:04.204165-04:00,578.71,581.1,579.04,581.8118393043478,575.9397403913044,0.00478695652173913,0
2024-10-28 15:01:04.491940-04:00,578.71,581.42,579.04,581.7891812173913,575.9623855652175,0.004747826086956522,0
2024-10-28 15:02:03.407794-04:00,578.71,581.48,579.04,581.7321164057971,576.0194178550724,0.004649275362318841,0
2024-10-28 15:03:04.584607-04:00,578.71,581.5,579.04,581.7539353043478,575.9976113913044,0.004686956521739131,0
2024-10-28 15:04:03.673230-04:00,578.71,581.35,579.04,581.7254028985507,576.0261275362319,0.004637681159420291,0
2024-10-28 15:05:03.773031-04:00,578.71,581.39,579.04,581.7396691014492,576.0118694637682,0.00466231884057971,0
2024-10-28 15:06:03.783815-04:00,578.71,581.32,579.04,581.790020405797,575.9615468550725,0.004749275362318843,0
2024-10-28 15:07:03.848483-04:00,578.71,581.29,579.04,581.7908595942029,575.9607081449276,0.00475072463768116,0
2024-10-28 15:08:03.811920-04:00,578.71,581.24,579.04,581.8093217391304,575.9422565217392,0.004782608695652174,0
2024-10-28 15:09:03.633874-04:00,578.71,581.16,579.04,581.8009298550725,575.9506436231884,0.004768115942028985,0
2024-10-28 15:10:03.532559-04:00,578.71,581.145,579.04,581.8068041739131,575.9447726521739,0.004778260869565218,0
2024-10-28 15:11:03.423547-04:00,578.71,581.245,579.04,581.7782717681159,575.9732887971014,0.0047289855072463775,0
2024-10-28 15:12:04.639451-04:00,578.71,581.275,579.04,581.7791109565217,575.9724500869565,0.004730434782608697,0
2024-10-28 15:13:03.774078-04:00,578.71,581.17,579.04,581.7992514782609,575.9523210434783,0.00476521739130435,0
2024-10-28 15:14:03.661851-04:00,578.71,581.22,579.04,581.7841460869564,575.9674178260871,0.0047391304347826095,0
2024-10-28 15:15:03.708118-04:00,578.71,581.295,579.04,581.7958947246376,575.955675884058,0.004759420289855072,0
2024-10-28 15:16:03.691007-04:00,578.71,581.17,579.04,581.7807893333332,575.9707726666667,0.004733333333333333,0
2024-10-28 15:17:03.847472-04:00,578.71,581.255,579.04,581.7858244637681,575.9657404057972,0.004742028985507245,0
2024-10-28 15:18:03.694196-04:00,578.71,581.245,579.04,581.7396691014492,576.0118694637682,0.00466231884057971,0
2024-10-28 15:19:03.715419-04:00,578.71,581.135,579.04,581.7463826086956,576.0051597826088,0.004673913043478262,0
2024-10-28 15:20:03.899269-04:00,578.71,581.04,579.04,581.7589704347826,575.9925791304348,0.004695652173913046,0
2024-10-28 15:21:04.007155-04:00,578.71,581.17,579.04,581.7623271884057,575.9892242898551,0.004701449275362319,0
2024-10-28 15:22:04.149992-04:00,578.71,581.245,579.04,581.8143568695651,575.9372242608696,0.004791304347826088,0
2024-10-28 15:23:04.103635-04:00,578.71,581.3,579.04,581.8126784927537,575.9389016811595,0.004788405797101449,0
2024-10-28 15:24:04.055526-04:00,578.71,581.27,579.04,581.8059649855072,575.9456113623189,0.004776811594202898,0
2024-10-28 15:25:04.230796-04:00,578.71,581.4,579.04,581.8353365797102,575.9162565072464,0.004827536231884057,0
2024-10-28 15:26:03.601754-04:00,578.71,581.35,579.04,581.8353365797102,575.9162565072464,0.004827536231884059,0
2024-10-28 15:27:03.754626-04:00,578.71,581.45,579.04,581.8386933333333,575.9129016666667,0.0048333333333333344,0
2024-10-28 15:28:03.823741-04:00,578.71,581.495,579.04,581.8227487536232,575.9288371594204,0.004805797101449276,0
2024-10-28 15:29:03.951968-04:00,578.71,581.52,579.04,581.8269446956522,575.9246436086958,0.00481304347826087,0
2024-10-28 15:30:04.142771-04:00,578.71,581.435,579.04,581.8269446956522,575.9246436086958,0.004813043478260868,0
2024-10-28 15:31:04.234260-04:00,578.71,581.42,579.04,581.815196057971,575.9363855507247,0.004792753623188406,0
2024-10-28 15:32:04.636564-04:00,578.71,581.37,579.04,581.7958947246376,575.955675884058,0.0047594202898550726,0
2024-10-28 15:33:03.445410-04:00,578.71,581.695,579.04,581.7455434202898,576.0059984927536,0.0046724637681159415,0
2024-10-28 15:34:03.658107-04:00,578.71,581.59,579.04,581.8042866086956,575.9472887826087,0.004773913043478261,0
2024-10-28 15:35:03.608859-04:00,578.71,581.64,579.04,581.8529595362318,575.898643594203,0.004857971014492752,0
2024-10-28 15:36:03.503820-04:00,578.71,581.54,579.04,581.8227487536232,575.9288371594204,0.004805797101449276,0
2024-10-28 15:37:03.421345-04:00,578.71,581.66,579.04,581.8261055072463,575.9254823188406,0.004811594202898548,0
2024-10-28 15:38:04.342699-04:00,578.71,581.54,579.04,581.8303014492752,575.9212887681159,0.004818840579710146,0
2024-10-28 15:39:04.519422-04:00,578.71,581.55,579.04,581.864708173913,575.886901652174,0.004878260869565219,0
2024-10-28 15:40:03.470325-04:00,578.71,581.34,579.04,581.9318432463768,575.8198048405798,0.004994202898550722,0
2024-10-28 15:41:03.434482-04:00,578.71,581.505,579.04,581.9385567536231,575.8130951594203,0.005005797101449276,0
2024-10-28 15:42:04.496213-04:00,578.71,581.58,579.04,581.9645715942029,575.7870951449275,0.005050724637681159,0
2024-10-28 15:43:03.477997-04:00,578.71,581.47,579.04,581.9503053913043,575.8013532173914,0.00502608695652174,0
2024-10-28 15:44:03.577743-04:00,578.71,581.42,579.04,581.9763202318841,575.7753532028986,0.005071014492753622,0
2024-10-28 15:45:03.466415-04:00,578.71,581.375,579.04,581.9486270144928,575.8030306376812,0.0050231884057970995,0
2024-10-28 15:46:03.225500-04:00,578.71,581.425,579.04,581.9545013333334,575.7971596666667,0.005033333333333335,0
2024-10-28 15:47:04.291723-04:00,578.71,581.445,579.04,581.9435918840579,575.8080628985507,0.005014492753623188,0
2024-10-28 15:48:04.084047-04:00,578.71,581.41,579.04,581.9192554202898,575.8323854927537,0.004972463768115941,0
2024-10-28 15:49:03.996247-04:00,578.71,581.39,579.04,581.9041500289856,575.8474822753624,0.004946376811594203,0
2024-10-28 15:50:03.820226-04:00,578.71,581.325,579.04,581.9360391884057,575.8156112898552,0.0050014492753623204,0
2024-10-28 15:51:03.716987-04:00,578.71,581.23,579.04,581.9545013333333,575.7971596666667,0.0050333333333333315,0
2024-10-28 15:52:03.950089-04:00,578.71,581.035,579.04,581.9595364637681,575.7921274057971,0.005042028985507245,0
2024-10-28 15:53:03.727683-04:00,578.71,580.9,579.04,581.9813553623188,575.770320942029,0.005079710144927534,0
2024-10-28 15:54:04.053034-04:00,578.71,581.075,579.04,582.0291891014492,575.7225144637681,0.005162318840579711,0
2024-10-28 15:55:04.019888-04:00,578.71,581.06,579.04,582.0753444637681,575.6763854057971,0.005242028985507246,0
2024-10-28 15:56:04.012856-04:00,578.71,580.62,579.04,582.0770228405796,575.6747079855073,0.005244927536231886,0
2024-10-28 15:57:04.055104-04:00,578.71,580.7,579.04,582.1273741449276,575.6243853768116,0.005331884057971015,0
2024-10-28 15:58:04.084793-04:00,578.71,580.64,579.04,582.1483538550724,575.6034176231884,0.005368115942028985,0
2024-10-28 15:59:04.114206-04:00,578.71,580.83,579.04,582.0400985507247,575.7116112318841,0.005181159420289856,0
